name,time,pos1,pos2
Gold-Raven,15:07:28,"[{'x': 4.631396016631597, 'y': 0, 'z': -0.09757548966074074}, {'x': 4.631396016631597, 'y': 0, 'z': -0.09757548966074074}]","[{'x': 4.631833607320772, 'y': 0, 'z': 0.5413686092106078}, {'x': 4.631833607320772, 'y': 0, 'z': 0.5413686092106078}]"
Gold-Raven,15:07:29,"[{'x': 4.631833607320772, 'y': 0, 'z': 0.5413686092106078}, {'x': 4.631833607320772, 'y': 0, 'z': 0.5413686092106078}]","[{'x': 4.631833607320772, 'y': 0, 'z': 1.2852211373454738}, {'x': 4.631833607320772, 'y': 0, 'z': 1.2852211373454738}]"
Gold-Raven,15:07:30,"[{'x': 4.631833607320772, 'y': 0, 'z': 1.2852211373454738}, {'x': 4.631833607320772, 'y': 0, 'z': 1.2852211373454738}]","[{'x': 4.631833607320772, 'y': 0, 'z': 1.1103384705070494}, {'x': 4.631833607320772, 'y': 0, 'z': 1.1103384705070494}]"
Gold-Raven,15:07:31,"[{'x': 4.631833607320772, 'y': 0, 'z': 1.1103384705070494}, {'x': 4.631833607320772, 'y': 0, 'z': 1.1103384705070494}]","[{'x': 1.658448791782133, 'y': 0, 'z': 1.1935091547732257}, {'x': 1.658448791782133, 'y': 0, 'z': 1.1935091547732257}]"
Gold-Raven,15:07:32,"[{'x': 1.658448791782133, 'y': 0, 'z': 1.1935091547732257}, {'x': 1.658448791782133, 'y': 0, 'z': 1.1935091547732257}]","[{'x': 4.98417995574274, 'y': 0, 'z': 0.3410056092629658}, {'x': 4.98417995574274, 'y': 0, 'z': 0.3410056092629658}]"
Gold-Raven,15:07:33,"[{'x': 4.98417995574274, 'y': 0, 'z': 0.3410056092629658}, {'x': 4.98417995574274, 'y': 0, 'z': 0.3410056092629658}]","[{'x': 5.004024868943452, 'y': 0, 'z': 1.2864222297451002}, {'x': 5.004024868943452, 'y': 0, 'z': 1.2864222297451002}]"
Gold-Raven,15:07:34,"[{'x': 5.004024868943452, 'y': 0, 'z': 1.2864222297451002}, {'x': 5.004024868943452, 'y': 0, 'z': 1.2864222297451002}]","[{'x': 5.004082781809708, 'y': 0, 'z': 0.12774030606728592}, {'x': 5.004082781809708, 'y': 0, 'z': 0.12774030606728592}]"
